pedX,pedY,vehX,vehY,TTC
850,0,502.7275763582514,120,3
850,0,502.7275763582514,120,2
850,0,502.7275763582514,120,1
