pedCount,runTime
50,20.990751028060913
100,78.57715010643005
150,171.6817111968994
200,293.6530146598816
