pedCount,runTime
50,20.990751028060913
100,78.57715010643005
150,171.6817111968994
200,293.6530146598816
250,465.4487991333008
300,634.9046502113342
350,841.5635101795197
400,1099.504077911377
450,1372.0299999713898
500,1655.091586112976
