pedCount,runTime
50,2.9019739627838135
100,7.9900031089782715
150,17.031007051467896
200,29.853803873062134
250,47.36582112312317
300,65.82320427894592
350,84.95580315589905
400,108.48276901245117
450,134.75001406669617
500,160.14706015586853
